Genre.1,posts,total_reach,median_reach,mean_reach,lift_vs_filtered_median_pct,language
Crime,23,2072515.0,8583.0,90109.34782608696,32.14780600461893,en
Entertainment,44,1031913.0,6995.0,23452.56818181818,7.6982294072363455,en
Current-Affairs,67,1545760.0,6424.0,23071.044776119405,-1.0931485758275628,en
Sports,21,194857.0,5826.0,9278.904761904761,-10.300230946882216,en
Off-beat,20,1287784.0,4597.0,64389.2,-29.222478829869125,en
