Genre.1,posts,total_reach,median_reach,mean_reach,lift_vs_filtered_median_pct,language
Crime,12,32449,283.0,2704.0833333333335,84.96732026143792,ml
International Politics,8,6174,153.5,771.75,0.32679738562091387,ml
Business,20,13006,140.5,650.3,-8.16993464052288,ml
Curent-Affairs,11,15152,96.0,1377.4545454545455,-37.254901960784316,ml
