Genre.1,Emotions.1,posts,total_reach,median_reach,mean_reach,lift_vs_filtered_median_pct,language
Crime,Shocking,12,32449,283.0,2704.0833333333335,84.96732026143792,ml
Business,Shocking,9,9859,263.0,1095.4444444444443,71.89542483660132,ml
International Politics,Shocking,8,6174,153.5,771.75,0.32679738562091387,ml
Business,Happy,11,3147,130.0,286.09090909090907,-15.032679738562093,ml
Curent-Affairs,Shocking,11,15152,96.0,1377.4545454545455,-37.254901960784316,ml
