Genre.1,posts,total_reach,median_reach,mean_reach,lift_vs_filtered_median_pct,language
Entertainment,7,3050.0,187.0,435.7142857142857,56.48535564853556,ml
International Politics,14,6854.0,137.5,489.57142857142856,15.062761506276146,ml
Current-Affairs,46,23768.0,105.0,516.695652173913,-12.133891213389125,ml
Crime,12,15444.0,96.0,1287.0,-19.665271966527197,ml
Politics,12,1471.0,81.5,122.58333333333333,-31.799163179916324,ml
Business,7,691.0,77.0,98.71428571428571,-35.56485355648535,ml
