Genre.1,posts,total_reach,reach_share_pct,cum_reach_pct,language
Crime,26,1788060,71.02319218675773,71.02319218675773,hi
Current-Affairs,39,323915,12.866166290378189,83.88935847713591,hi
Off-beat,31,307939,12.231586623937666,96.12094510107357,hi
Entertainment,8,97658,3.879054898926426,100.0,hi
