Genre.1,Emotions.1,posts,total_reach,reach_share_pct,cum_reach_pct,language
Crime,Shocking,12,32449,48.590167862116466,48.590167862116466,ml
Curent-Affairs,Shocking,11,15152,22.689088213713482,71.27925607582995,ml
Business,Shocking,9,9859,14.763181144337462,86.04243722016741,ml
International Politics,Shocking,8,6174,9.24514457705036,95.28758179721777,ml
Business,Happy,11,3147,4.712418202782229,100.0,ml
