Genre.1,Emotions.1,posts,total_reach,reach_share_pct,cum_reach_pct,language
Entertainment,Sadness,5,417575.0,40.87776952211457,40.87776952211457,te
Entertainment,Controversy,8,368351.0,36.05907269649865,76.93684221861322,te
Entertainment,Curiosity,5,96707.0,9.466961521104315,86.40380373971753,te
Current-Affairs,Shock -VE,7,58924.0,5.76826124964636,92.17206498936389,te
Crime,Shock -VE,6,44971.0,4.402356877636388,96.57442186700028,te
Crime,Sadness,6,34993.0,3.4255781329997133,100.0,te
