Genre.1,posts,total_reach,reach_share_pct,cum_reach_pct,language
Off-beat,37,6441958,42.08240680012229,42.08240680012229,en
Crime,49,3315882,21.661161905309395,63.743568705431684,en
Current-Affairs,91,1697345,11.087989516565237,74.83155822199691,en
Entertainment,103,1478499,9.65836728081338,84.4899255028103,en
Lifestyle,8,938982,6.1339459993362935,90.62387150214659,en
International Politics,10,722806,4.7217656696254755,95.34563717177205,en
Sports,45,712488,4.654362828227929,99.99999999999999,en
