Genre.1,posts,total_reach,reach_share_pct,cum_reach_pct,language
Crime,12,32449,48.590167862116466,48.590167862116466,ml
Curent-Affairs,11,15152,22.689088213713482,71.27925607582995,ml
Business,20,13006,19.47559934711969,90.75485542294965,ml
International Politics,8,6174,9.24514457705036,100.0,ml
