Genre.1,Emotions.1,posts,total_reach,reach_share_pct,cum_reach_pct,language
Politics,Surprise +VE,11,44.0,35.483870967741936,35.483870967741936,ta
Politics,Controversy,7,34.0,27.419354838709676,62.903225806451616,ta
Politics,Shock -VE,7,24.0,19.35483870967742,82.25806451612904,ta
Current-Affairs,Shock -VE,6,22.0,17.741935483870968,100.0,ta
