Genre.1,posts,total_reach,reach_share_pct,cum_reach_pct,language
Crime,23,2072515.0,33.793784238888776,33.793784238888776,en
Current-Affairs,67,1545760.0,25.204681232755714,58.998465471644494,en
Off-beat,20,1287784.0,20.99820490674043,79.99667037838492,en
Entertainment,44,1031913.0,16.826052055258675,96.82272243364359,en
Sports,21,194857.0,3.1772775663564077,100.0,en
