Genre.1,Emotions.1,posts,total_reach,reach_share_pct,cum_reach_pct,language
Crime,Shock -VE,10,67695.0,82.30295072400335,82.30295072400335,hi
Off-beat,Surprise +VE,5,7470.0,9.081956450377502,91.38490717438086,hi
Entertainment,Controversy,4,5110.0,6.212690423216739,97.5975975975976,hi
Entertainment,Curiosity,5,1976.0,2.4024024024024024,100.0,hi
