Genre.1,posts,total_reach,median_reach,mean_reach,lift_vs_filtered_median_pct,language
Politics,38,1452,40.0,38.21052631578947,11.111111111111116,ml
International Politics,20,662,39.0,33.1,8.333333333333325,ml
Crime,59,6155,38.0,104.32203389830508,5.555555555555558,ml
Business,38,1261,35.5,33.18421052631579,-1.388888888888884,ml
Curent-Affairs,60,1815,34.5,30.25,-4.1666666666666625,ml
Entertainment,45,1730,33.0,38.44444444444444,-8.333333333333337,ml
Lifestyle,21,590,27.0,28.095238095238095,-25.0,ml
