Genre.1,posts,total_reach,median_reach,mean_reach,lift_vs_filtered_median_pct,language
Entertainment,61,879918.0,2843.0,14424.88524590164,24.747696358051783,en
Off-beat,15,98483.0,2831.0,6565.533333333334,24.22114962702939,en
Crime,14,42641.0,2456.5,3045.785714285714,7.788503729706009,en
Current-Affairs,46,135601.0,2080.0,2947.8478260869565,-8.731899956121103,en
Sports,33,78249.0,1432.0,2371.181818181818,-37.16542343132952,en
