Genre.1,posts,total_reach,median_reach,mean_reach,lift_vs_filtered_median_pct,language
Crime,36,786,20.0,21.833333333333332,17.647058823529417,hi
Entertainment,10,214,18.0,21.4,5.882352941176472,hi
Off-beat,42,748,17.5,17.80952380952381,2.941176470588225,hi
Sports,9,151,17.0,16.77777777777778,0.0,hi
Current-Affairs,57,1720,16.0,30.17543859649123,-5.882352941176472,hi
International Politics,8,126,14.5,15.75,-14.70588235294118,hi
