Genre.1,posts,pct_above_median
Int others,8,87.5
Sports,86,70.93023255813954
Entertainment,155,65.80645161290323
Cultural,7,57.14285714285714
Off-beat,95,52.63157894736842
Patriotic,2,50.0
Current-Affairs,161,49.68944099378882
Lifestyle,22,36.36363636363637
International Politics,28,32.142857142857146
Crime,54,29.629629629629626
Politics,74,27.027027027027028
Business,31,19.35483870967742
Job,6,16.666666666666664
