Genre.1,posts,pct_above_median
Sports,135,71.11111111111111
Current-Affairs,214,66.82242990654206
Entertainment,336,64.28571428571429
International Politics,60,55.00000000000001
Off-beat,163,52.14723926380368
Crime,190,43.15789473684211
Politics,137,34.306569343065696
Lifestyle,62,16.129032258064516
Business,38,15.789473684210526
Curent-Affairs,139,15.107913669064748
