Genre.1,posts,total_reach,median_reach,mean_reach,lift_vs_filtered_median_pct,language
Politics,54,2098,42.5,38.851851851851855,25.0,ta
Crime,18,533,35.5,29.61111111111111,4.4117647058823595,ta
Entertainment,23,1497,35.0,65.08695652173913,2.941176470588225,ta
Off-beat,17,484,34.0,28.470588235294116,0.0,ta
Curent-Affairs,43,1260,31.0,29.302325581395348,-8.823529411764708,ta
Lifestyle,27,596,25.0,22.074074074074073,-26.470588235294112,ta
