Genre.1,posts,total_reach,median_reach,mean_reach,lift_vs_filtered_median_pct,language
Crime,56,1243654,3072.0,22208.10714285714,64.93959731543623,en
Entertainment,180,1230499,2232.5,6836.105555555556,19.865771812080535,en
Off-beat,71,568995,2011.0,8014.014084507042,7.973154362416102,en
Current-Affairs,136,338327,1716.0,2487.698529411765,-7.865771812080535,en
International Politics,30,55007,1585.0,1833.5666666666666,-14.8993288590604,en
Sports,77,162171,1472.0,2106.116883116883,-20.966442953020138,en
Lifestyle,8,33916,1444.0,4239.5,-22.469798657718123,en
Politics,18,32094,1183.0,1783.0,-36.48322147651007,en
