Genre.1,posts,total_reach,median_reach,mean_reach,lift_vs_filtered_median_pct,language
Entertainment,6,175.0,22.5,29.166666666666668,18.421052631578938,hi
Crime,9,180.0,21.0,20.0,10.526315789473696,hi
Current-Affairs,5,115.0,18.0,23.0,-5.263157894736848,hi
Off-beat,5,83.0,17.0,16.6,-10.526315789473683,hi
