Genre.1,Emotions.1,posts,total_reach,reach_share_pct,cum_reach_pct,language
Politics,Surprise +VE,10,603.0,35.01742160278746,35.01742160278746,ta
Politics,Controversy,7,405.0,23.519163763066203,58.53658536585366,ta
Politics,Shock -VE,7,278.0,16.144018583042975,74.68060394889663,ta
Current-Affairs,Shock -VE,5,255.0,14.80836236933798,89.48896631823462,ta
Politics,Curiosity,5,181.0,10.511033681765388,100.0,ta
