Genre.1,posts,total_reach,reach_share_pct,cum_reach_pct,language
Entertainment,61,879918.0,71.25465222869693,71.25465222869693,en
Current-Affairs,46,135601.0,10.980798320824817,82.23545054952174,en
Off-beat,15,98483.0,7.975029395283151,90.21047994480489,en
Sports,33,78249.0,6.33650554056549,96.54698548537039,en
Crime,14,42641.0,3.4530145146296194,100.0,en
