Genre.1,posts,total_reach,reach_share_pct,cum_reach_pct,language
Crime,9,180.0,32.5497287522604,32.5497287522604,hi
Entertainment,6,175.0,31.645569620253166,64.19529837251356,hi
Current-Affairs,5,115.0,20.795660036166367,84.99095840867993,hi
Off-beat,5,83.0,15.009041591320072,100.0,hi
