Genre.1,posts,total_reach,reach_share_pct,cum_reach_pct,language
Crime,59,6155,45.04207830223198,45.04207830223198,ml
Curent-Affairs,60,1815,13.2821075740944,58.32418587632638,ml
Entertainment,45,1730,12.660080497621662,70.98426637394805,ml
Politics,38,1452,10.625686059275521,81.60995243322357,ml
Business,38,1261,9.227954628613245,90.83790706183682,ml
International Politics,20,662,4.844493230881815,95.68240029271863,ml
Lifestyle,21,590,4.317599707281375,100.0,ml
