Genre.1,posts,total_reach,reach_share_pct,cum_reach_pct,language
Current-Affairs,22,747.0,49.209486166007906,49.209486166007906,ml
Crime,12,495.0,32.608695652173914,81.81818181818181,ml
Business,10,276.0,18.181818181818183,100.0,ml
